-- phpMyAdmin SQL Dump
-- version 5.2.1
-- https://www.phpmyadmin.net/
--
-- Host: 127.0.0.1
-- Generation Time: Nov 05, 2023 at 07:49 PM
-- Server version: 10.4.28-MariaDB
-- PHP Version: 8.2.4

SET SQL_MODE = "NO_AUTO_VALUE_ON_ZERO";
START TRANSACTION;
SET time_zone = "+00:00";


/*!40101 SET @OLD_CHARACTER_SET_CLIENT=@@CHARACTER_SET_CLIENT */;
/*!40101 SET @OLD_CHARACTER_SET_RESULTS=@@CHARACTER_SET_RESULTS */;
/*!40101 SET @OLD_COLLATION_CONNECTION=@@COLLATION_CONNECTION */;
/*!40101 SET NAMES utf8mb4 */;

--
-- Database: `dashboardbdalt`
--

-- --------------------------------------------------------

--
-- Table structure for table `alumnos`
--

CREATE TABLE `alumnos` (
  `alumno_id` int(11) NOT NULL,
  `nombre_apellido` varchar(90) NOT NULL,
  `telefono` varchar(20) NOT NULL,
  `activo` int(11) NOT NULL,
  `fecha_creacion` date NOT NULL DEFAULT current_timestamp()
) ENGINE=InnoDB DEFAULT CHARSET=utf8mb4 COLLATE=utf8mb4_general_ci;

--
-- Dumping data for table `alumnos`
--

INSERT INTO `alumnos` (`alumno_id`, `nombre_apellido`, `telefono`, `activo`, `fecha_creacion`) VALUES
(33, 'Leandro Romagnoli', '3411231231', 1, '2023-10-23'),
(34, 'Ignacio Piatti', '3411231232', 1, '2023-10-23'),
(35, 'Bernardo Romeo', '3411231233', 1, '2023-10-23'),
(36, 'Ezequiel Lavezzi', '3411231234', 1, '2023-10-23'),
(37, 'Néstor Gorosito', '3411231235', 1, '2023-10-23'),
(38, 'José Sanfilippo', '3411231236', 1, '2023-10-23'),
(39, 'Pablo Zabaleta', '3411231237', 1, '2023-10-23'),
(40, 'Juan Antonio Pizzi', '3411231238', 1, '2023-10-23'),
(41, 'Leandro Díaz', '3411231239', 1, '2023-10-23'),
(42, 'Fabricio Coloccini', '3411231240', 1, '2023-10-23'),
(43, 'Ariel Montenegro', '3411231241', 1, '2023-10-23'),
(44, 'Claudio Biaggio', '3411231242', 1, '2023-10-23'),
(45, 'Alfredo Berti', '3411231243', 0, '2023-10-23'),
(46, 'Rubén Ayala', '3411231244', 0, '2023-10-23'),
(47, 'Fernando Redondo', '3411231245', 0, '2023-10-23'),
(48, 'Rodolfo Fischer', '3411231246', 0, '2023-10-23'),
(49, 'Alberto Acosta', '3411231247', 0, '2023-10-23'),
(50, 'Gonzalo Bergessio', '3411231248', 0, '2023-10-23'),
(51, 'Omar Larrosa', '3411231249', 0, '2023-10-23'),
(52, 'Américo Gallego', '3411231250', 0, '2023-10-23'),
(53, 'Enrique García', '3411231251', 0, '2023-10-23'),
(54, 'René Houseman', '3411231252', 0, '2023-10-23'),
(55, 'Andrés DAlessandro', '3411231253', 0, '2023-10-23'),
(56, 'María González', '3411231254', 1, '2023-10-23'),
(57, 'Laura Martínez', '3411231255', 1, '2023-10-23'),
(58, 'Ana Rodríguez', '3411231256', 1, '2023-10-23'),
(59, 'Patricia Pérez', '3411231257', 1, '2023-10-23'),
(60, 'Carolina López', '3411231258', 1, '2023-10-23'),
(61, 'Martina Fernández', '3411231259', 1, '2023-10-23'),
(62, 'Silvia Torres', '3411231260', 1, '2023-10-23'),
(63, 'Adriana Silva', '3411231261', 1, '2023-10-23'),
(64, 'Elena Ramírez', '3411231262', 1, '2023-10-23'),
(65, 'Andrea Castro', '3411231263', 1, '2023-10-23'),
(66, 'Julia Mendoza', '3411231264', 1, '2023-10-23'),
(67, 'Beatriz Vargas', '3411231265', 1, '2023-10-23'),
(68, 'Isabel Sánchez', '3411231266', 1, '2023-10-23'),
(69, 'Gabriela Peralta', '3411231267', 1, '2023-10-23'),
(70, 'Graciela Jiménez', '3411231268', 1, '2023-10-23'),
(71, 'Clara Díaz', '3411231269', 0, '2023-10-23'),
(72, 'Mariana Ruiz', '3411231270', 0, '2023-10-23'),
(73, 'Lourdes Herrera', '3411231271', 0, '2023-10-23'),
(74, 'Verónica Cruz', '3411231272', 0, '2023-10-23'),
(75, 'Alejandra Ortega', '3411231273', 0, '2023-10-23'),
(76, 'Paula Reyes', '3411231274', 0, '2023-10-23'),
(77, 'Sofía Morales', '3411231275', 0, '2023-10-23'),
(78, 'Fernanda Acosta', '3411231276', 0, '2023-10-23'),
(79, 'Florencia Ríos', '3411231277', 0, '2023-10-23'),
(80, 'Estela Gómez', '3411231278', 0, '2023-10-23'),
(81, 'Beto Acosta', '341234214', 0, '2023-10-28');

-- --------------------------------------------------------

--
-- Table structure for table `alumnos_planes`
--

CREATE TABLE `alumnos_planes` (
  `alumno_plan_id` int(11) NOT NULL,
  `alumno_id` int(11) NOT NULL,
  `plan_id` int(11) NOT NULL,
  `monto_plan` double(23,2) NOT NULL,
  `pago_acumulado` double(23,2) NOT NULL,
  `primer_clase` date NOT NULL,
  `ultima_clase` date NOT NULL,
  `aclaracion` varchar(200) NOT NULL
) ENGINE=InnoDB DEFAULT CHARSET=utf8mb4 COLLATE=utf8mb4_general_ci;

--
-- Dumping data for table `alumnos_planes`
--

INSERT INTO `alumnos_planes` (`alumno_plan_id`, `alumno_id`, `plan_id`, `monto_plan`, `pago_acumulado`, `primer_clase`, `ultima_clase`, `aclaracion`) VALUES
(1, 70, 2, 18100.00, 10000.00, '2023-10-01', '2023-10-22', ''),
(2, 56, 2, 18100.00, 10000.00, '2023-10-01', '2023-10-22', ''),
(3, 57, 2, 18100.00, 12000.00, '2023-10-02', '2023-10-23', ''),
(4, 58, 2, 18100.00, 12000.00, '2023-10-02', '2023-10-23', ''),
(5, 59, 2, 18100.00, 15000.00, '2023-10-03', '2023-10-24', ''),
(6, 60, 2, 18100.00, 18100.00, '2023-10-03', '2023-10-24', ''),
(7, 61, 2, 18100.00, 18100.00, '2023-10-04', '2023-10-25', ''),
(8, 62, 2, 18100.00, 18100.00, '2023-10-05', '2023-10-26', ''),
(9, 64, 1, 5400.00, 5400.00, '2023-10-05', '2023-10-26', ''),
(10, 65, 1, 5400.00, 5400.00, '2023-10-06', '2023-10-27', ''),
(11, 66, 1, 5400.00, 5400.00, '2023-10-06', '2023-10-27', ''),
(12, 67, 1, 5400.00, 5400.00, '2023-10-07', '2023-10-28', ''),
(13, 68, 1, 5400.00, 5400.00, '2023-10-07', '2023-10-28', ''),
(14, 63, 3, 32500.00, 15000.00, '2023-10-08', '2023-10-29', ''),
(15, 39, 3, 32500.00, 20000.00, '2023-10-08', '2023-10-29', ''),
(16, 42, 3, 32500.00, 30000.00, '2023-10-09', '2023-10-30', ''),
(17, 41, 3, 32500.00, 32500.00, '2023-10-09', '2023-10-30', ''),
(18, 58, 2, 18100.00, 12000.00, '2023-09-04', '2023-09-25', ''),
(19, 59, 2, 18100.00, 15000.00, '2023-09-05', '2023-09-26', ''),
(20, 60, 2, 18100.00, 15100.00, '2023-09-05', '2023-09-26', ''),
(21, 61, 2, 18100.00, 18100.00, '2023-09-06', '2023-09-27', ''),
(22, 62, 2, 18100.00, 13100.00, '2023-09-07', '2023-09-28', ''),
(23, 64, 1, 5400.00, 2400.00, '2023-09-07', '2023-09-28', ''),
(24, 65, 1, 5400.00, 1400.00, '2023-09-08', '2023-09-29', ''),
(25, 66, 1, 5400.00, 5400.00, '2023-09-08', '2023-09-29', ''),
(26, 67, 1, 5400.00, 5400.00, '2023-09-09', '2023-09-30', ''),
(27, 68, 1, 5400.00, 5400.00, '2023-09-09', '2023-09-30', ''),
(28, 63, 3, 32500.00, 15000.00, '2023-09-10', '2023-10-01', ''),
(29, 58, 2, 18100.00, 12000.00, '2023-08-07', '2023-08-28', ''),
(30, 59, 2, 18100.00, 15000.00, '2023-08-08', '2023-08-29', ''),
(31, 60, 2, 18100.00, 18100.00, '2023-08-08', '2023-08-29', ''),
(32, 61, 2, 18100.00, 18100.00, '2023-08-09', '2023-08-30', ''),
(33, 62, 2, 18100.00, 18100.00, '2023-08-10', '2023-08-31', ''),
(34, 64, 1, 5400.00, 5400.00, '2023-08-10', '2023-08-31', ''),
(35, 65, 1, 5400.00, 5400.00, '2023-08-11', '2023-09-01', ''),
(36, 66, 1, 5400.00, 5400.00, '2023-08-11', '2023-09-01', ''),
(37, 67, 1, 5400.00, 5400.00, '2023-08-12', '2023-09-02', ''),
(38, 68, 1, 5400.00, 5400.00, '2023-08-12', '2023-09-02', ''),
(39, 63, 3, 32500.00, 15000.00, '2023-08-13', '2023-09-03', ''),
(40, 58, 2, 18100.00, 18100.00, '2023-07-10', '2023-07-31', ''),
(41, 59, 2, 18100.00, 18100.00, '2023-07-11', '2023-08-01', ''),
(42, 60, 2, 18100.00, 18100.00, '2023-07-11', '2023-08-01', ''),
(43, 61, 2, 18100.00, 18100.00, '2023-07-12', '2023-08-02', ''),
(44, 62, 2, 18100.00, 18100.00, '2023-07-13', '2023-08-03', ''),
(45, 64, 1, 5400.00, 5400.00, '2023-07-13', '2023-08-03', ''),
(46, 65, 1, 5400.00, 5400.00, '2023-07-14', '2023-08-04', ''),
(47, 66, 1, 5400.00, 5400.00, '2023-07-14', '2023-08-04', ''),
(48, 67, 1, 5400.00, 5400.00, '2023-07-15', '2023-08-05', ''),
(49, 68, 1, 5400.00, 5400.00, '2023-07-15', '2023-08-05', ''),
(50, 63, 3, 32500.00, 32500.00, '2023-07-16', '2023-08-06', ''),
(51, 58, 2, 18100.00, 18100.00, '2023-06-12', '2023-07-03', ''),
(52, 59, 2, 18100.00, 18100.00, '2023-06-13', '2023-07-04', ''),
(53, 60, 2, 18100.00, 18100.00, '2023-06-13', '2023-07-04', ''),
(54, 61, 2, 18100.00, 18100.00, '2023-06-14', '2023-07-05', ''),
(55, 62, 2, 18100.00, 18100.00, '2023-06-15', '2023-07-06', ''),
(56, 64, 1, 5400.00, 5400.00, '2023-06-15', '2023-07-06', ''),
(57, 65, 1, 5400.00, 5400.00, '2023-06-16', '2023-07-07', ''),
(58, 66, 1, 5400.00, 5400.00, '2023-06-16', '2023-07-07', ''),
(59, 67, 1, 5400.00, 5400.00, '2023-06-17', '2023-07-08', ''),
(60, 68, 1, 5400.00, 5400.00, '2023-06-17', '2023-07-08', ''),
(61, 63, 3, 32500.00, 32500.00, '2023-06-18', '2023-07-09', ''),
(62, 58, 2, 18100.00, 18100.00, '2023-05-15', '2023-06-05', ''),
(63, 59, 2, 18100.00, 18100.00, '2023-05-16', '2023-06-06', ''),
(64, 60, 2, 18100.00, 18100.00, '2023-05-16', '2023-06-06', ''),
(65, 61, 2, 18100.00, 18100.00, '2023-05-17', '2023-06-07', ''),
(66, 62, 2, 18100.00, 18100.00, '2023-05-18', '2023-06-08', ''),
(67, 64, 1, 5400.00, 5400.00, '2023-05-18', '2023-06-08', ''),
(68, 65, 1, 5400.00, 5400.00, '2023-05-19', '2023-06-09', ''),
(69, 66, 1, 5400.00, 5400.00, '2023-05-19', '2023-06-09', ''),
(70, 67, 1, 5400.00, 5400.00, '2023-05-20', '2023-06-10', ''),
(71, 68, 1, 5400.00, 5400.00, '2023-05-20', '2023-06-10', ''),
(72, 63, 3, 32500.00, 32500.00, '2023-05-21', '2023-06-11', ''),
(73, 58, 2, 18100.00, 18100.00, '2023-04-17', '2023-05-08', ''),
(74, 59, 2, 18100.00, 18100.00, '2023-04-18', '2023-05-09', ''),
(75, 60, 2, 18100.00, 18100.00, '2023-04-18', '2023-05-09', ''),
(76, 61, 2, 18100.00, 18100.00, '2023-04-19', '2023-05-10', ''),
(77, 62, 2, 18100.00, 18100.00, '2023-04-20', '2023-05-11', ''),
(78, 64, 1, 5400.00, 5400.00, '2023-04-20', '2023-05-11', ''),
(79, 65, 1, 5400.00, 5400.00, '2023-04-21', '2023-05-12', ''),
(80, 66, 1, 5400.00, 5400.00, '2023-04-21', '2023-05-12', ''),
(81, 67, 1, 5400.00, 5400.00, '2023-04-22', '2023-05-13', ''),
(82, 68, 1, 5400.00, 5400.00, '2023-04-22', '2023-05-13', ''),
(83, 63, 3, 32500.00, 32500.00, '2023-04-23', '2023-05-14', ''),
(84, 58, 2, 18100.00, 18100.00, '2023-03-20', '2023-04-10', ''),
(85, 59, 2, 18100.00, 18100.00, '2023-03-21', '2023-04-11', ''),
(86, 60, 2, 18100.00, 18100.00, '2023-03-21', '2023-04-11', ''),
(87, 61, 2, 18100.00, 18100.00, '2023-03-22', '2023-04-12', ''),
(88, 62, 2, 18100.00, 18100.00, '2023-03-23', '2023-04-13', ''),
(89, 64, 1, 5400.00, 5400.00, '2023-03-23', '2023-04-13', ''),
(90, 65, 1, 5400.00, 5400.00, '2023-03-24', '2023-04-14', ''),
(91, 66, 1, 5400.00, 5400.00, '2023-03-24', '2023-04-14', ''),
(92, 67, 1, 5400.00, 5400.00, '2023-03-25', '2023-04-15', ''),
(93, 68, 1, 5400.00, 5400.00, '2023-03-25', '2023-04-15', ''),
(94, 63, 3, 32500.00, 32500.00, '2023-03-26', '2023-04-16', ''),
(95, 58, 2, 18100.00, 18100.00, '2023-02-20', '2023-03-13', ''),
(96, 59, 2, 18100.00, 18100.00, '2023-02-21', '2023-03-14', ''),
(97, 60, 2, 18100.00, 18100.00, '2023-02-21', '2023-03-14', ''),
(98, 61, 2, 18100.00, 18100.00, '2023-02-22', '2023-03-15', ''),
(99, 62, 2, 18100.00, 18100.00, '2023-02-23', '2023-03-16', ''),
(100, 64, 1, 5400.00, 5400.00, '2023-02-23', '2023-03-16', ''),
(101, 65, 1, 5400.00, 5400.00, '2023-02-24', '2023-03-17', ''),
(102, 66, 1, 5400.00, 5400.00, '2023-02-24', '2023-03-17', ''),
(103, 67, 1, 5400.00, 5400.00, '2023-02-25', '2023-03-18', ''),
(104, 68, 1, 5400.00, 5400.00, '2023-02-25', '2023-03-18', ''),
(105, 63, 3, 32500.00, 32500.00, '2023-02-26', '2023-03-19', ''),
(106, 58, 2, 18100.00, 18100.00, '2023-01-23', '2023-02-13', ''),
(107, 59, 2, 18100.00, 18100.00, '2023-01-24', '2023-02-14', ''),
(108, 60, 2, 18100.00, 18100.00, '2023-01-24', '2023-02-14', ''),
(109, 61, 2, 18100.00, 18100.00, '2023-01-25', '2023-02-15', ''),
(110, 62, 2, 18100.00, 18100.00, '2023-01-26', '2023-02-16', ''),
(111, 64, 1, 5400.00, 5400.00, '2023-01-26', '2023-02-16', ''),
(112, 65, 1, 5400.00, 5400.00, '2023-01-27', '2023-02-17', ''),
(113, 66, 1, 5400.00, 5400.00, '2023-01-27', '2023-02-17', ''),
(114, 67, 1, 5400.00, 5400.00, '2023-01-28', '2023-02-18', ''),
(115, 68, 1, 5400.00, 5400.00, '2023-01-28', '2023-02-18', ''),
(116, 63, 3, 32500.00, 32500.00, '2023-01-29', '2023-02-19', '');

-- --------------------------------------------------------

--
-- Table structure for table `formas_de_pago`
--

CREATE TABLE `formas_de_pago` (
  `forma_pago_id` int(11) NOT NULL,
  `aclaracion` varchar(200) NOT NULL
) ENGINE=InnoDB DEFAULT CHARSET=utf8mb4 COLLATE=utf8mb4_general_ci;

--
-- Dumping data for table `formas_de_pago`
--

INSERT INTO `formas_de_pago` (`forma_pago_id`, `aclaracion`) VALUES
(1, 'efectivo'),
(2, 'tranferencia'),
(3, 'tarjeta de credito'),
(4, 'tarjeta de debito');

-- --------------------------------------------------------

--
-- Table structure for table `pagos`
--

CREATE TABLE `pagos` (
  `pago_id` int(11) NOT NULL,
  `alumno_id` int(11) NOT NULL,
  `fecha_pago` date NOT NULL DEFAULT current_timestamp(),
  `monto` double(23,2) NOT NULL,
  `forma_pago_id` int(11) NOT NULL,
  `alumno_plan_id` int(11) NOT NULL,
  `plan_id` int(11) NOT NULL,
  `aclaracion` varchar(200) NOT NULL
) ENGINE=InnoDB DEFAULT CHARSET=utf8mb4 COLLATE=utf8mb4_general_ci;

--
-- Dumping data for table `pagos`
--

INSERT INTO `pagos` (`pago_id`, `alumno_id`, `fecha_pago`, `monto`, `forma_pago_id`, `alumno_plan_id`, `plan_id`, `aclaracion`) VALUES
(1, 70, '2023-10-08', 10000.00, 1, 1, 2, ''),
(2, 56, '2023-10-08', 10000.00, 2, 2, 2, ''),
(3, 57, '2023-10-09', 12000.00, 3, 3, 2, ''),
(4, 58, '2023-10-09', 12000.00, 1, 4, 2, ''),
(5, 59, '2023-10-10', 15000.00, 2, 5, 2, ''),
(6, 60, '2023-10-10', 18100.00, 3, 6, 2, ''),
(7, 61, '2023-10-11', 18100.00, 1, 7, 2, ''),
(8, 62, '2023-10-12', 18100.00, 2, 8, 2, ''),
(9, 64, '2023-10-12', 5400.00, 3, 9, 1, ''),
(10, 65, '2023-10-13', 5400.00, 1, 10, 1, ''),
(11, 66, '2023-10-13', 5400.00, 2, 11, 1, ''),
(12, 67, '2023-10-14', 5400.00, 3, 12, 1, ''),
(13, 68, '2023-10-14', 5400.00, 1, 13, 1, ''),
(14, 63, '2023-10-15', 15000.00, 2, 14, 3, ''),
(15, 39, '2023-10-15', 20000.00, 3, 15, 3, ''),
(16, 42, '2023-10-16', 30000.00, 1, 16, 3, ''),
(17, 41, '2023-10-16', 32500.00, 2, 17, 3, ''),
(18, 58, '2023-09-18', 12000.00, 1, 18, 2, ''),
(19, 59, '2023-09-19', 15000.00, 2, 19, 2, ''),
(20, 60, '2023-09-19', 15100.00, 3, 20, 2, ''),
(21, 61, '2023-09-20', 18100.00, 1, 21, 2, ''),
(22, 62, '2023-09-21', 13100.00, 2, 22, 2, ''),
(23, 64, '2023-09-21', 2400.00, 3, 23, 1, ''),
(24, 65, '2023-09-22', 1400.00, 1, 24, 1, ''),
(25, 66, '2023-09-22', 5400.00, 2, 25, 1, ''),
(26, 67, '2023-09-23', 5400.00, 3, 26, 1, ''),
(27, 68, '2023-09-23', 5400.00, 1, 27, 1, ''),
(28, 63, '2023-09-24', 15000.00, 2, 28, 3, ''),
(29, 58, '2023-08-21', 12000.00, 3, 29, 2, ''),
(30, 59, '2023-08-22', 15000.00, 1, 30, 2, ''),
(31, 60, '2023-08-22', 18100.00, 2, 31, 2, ''),
(32, 61, '2023-08-23', 18100.00, 3, 32, 2, ''),
(33, 62, '2023-08-24', 18100.00, 1, 33, 2, ''),
(34, 64, '2023-08-24', 5400.00, 2, 34, 1, ''),
(35, 65, '2023-08-25', 5400.00, 3, 35, 1, ''),
(36, 66, '2023-08-25', 5400.00, 1, 36, 1, ''),
(37, 67, '2023-08-26', 5400.00, 2, 37, 1, ''),
(38, 68, '2023-08-26', 5400.00, 3, 38, 1, ''),
(39, 63, '2023-08-27', 15000.00, 1, 39, 3, ''),
(40, 58, '2023-07-24', 18100.00, 2, 40, 2, ''),
(41, 59, '2023-07-25', 18100.00, 3, 41, 2, ''),
(42, 60, '2023-07-25', 18100.00, 1, 42, 2, ''),
(43, 61, '2023-07-26', 18100.00, 2, 43, 2, ''),
(44, 62, '2023-07-27', 18100.00, 3, 44, 2, ''),
(45, 64, '2023-07-27', 5400.00, 1, 45, 1, ''),
(46, 65, '2023-07-28', 5400.00, 2, 46, 1, ''),
(47, 66, '2023-07-28', 5400.00, 3, 47, 1, ''),
(48, 67, '2023-07-29', 5400.00, 1, 48, 1, ''),
(49, 68, '2023-07-29', 5400.00, 2, 49, 1, ''),
(50, 63, '2023-07-30', 32500.00, 3, 50, 3, ''),
(51, 58, '2023-06-26', 18100.00, 1, 51, 2, ''),
(52, 59, '2023-06-27', 18100.00, 2, 52, 2, ''),
(53, 60, '2023-06-27', 18100.00, 3, 53, 2, ''),
(54, 61, '2023-06-28', 18100.00, 1, 54, 2, ''),
(55, 62, '2023-06-29', 18100.00, 2, 55, 2, ''),
(56, 64, '2023-06-29', 5400.00, 3, 56, 1, ''),
(57, 65, '2023-06-30', 5400.00, 1, 57, 1, ''),
(58, 66, '2023-06-30', 5400.00, 2, 58, 1, ''),
(59, 67, '2023-07-01', 5400.00, 3, 59, 1, ''),
(60, 68, '2023-07-01', 5400.00, 1, 60, 1, ''),
(61, 63, '2023-07-02', 32500.00, 2, 61, 3, ''),
(62, 58, '2023-05-29', 18100.00, 3, 62, 2, ''),
(63, 59, '2023-05-30', 18100.00, 1, 63, 2, ''),
(64, 60, '2023-05-30', 18100.00, 2, 64, 2, ''),
(65, 61, '2023-05-31', 18100.00, 3, 65, 2, ''),
(66, 62, '2023-06-01', 18100.00, 1, 66, 2, ''),
(67, 64, '2023-06-01', 5400.00, 2, 67, 1, ''),
(68, 65, '2023-06-02', 5400.00, 3, 68, 1, ''),
(69, 66, '2023-06-02', 5400.00, 1, 69, 1, ''),
(70, 67, '2023-06-03', 5400.00, 2, 70, 1, ''),
(71, 68, '2023-06-03', 5400.00, 3, 71, 1, ''),
(72, 63, '2023-06-04', 32500.00, 1, 72, 3, ''),
(73, 58, '2023-05-01', 18100.00, 2, 73, 2, ''),
(74, 59, '2023-05-02', 18100.00, 3, 74, 2, ''),
(75, 60, '2023-05-02', 18100.00, 1, 75, 2, ''),
(76, 61, '2023-05-03', 18100.00, 2, 76, 2, ''),
(77, 62, '2023-05-04', 18100.00, 3, 77, 2, ''),
(78, 64, '2023-05-04', 5400.00, 1, 78, 1, ''),
(79, 65, '2023-05-05', 5400.00, 2, 79, 1, ''),
(80, 66, '2023-05-05', 5400.00, 3, 80, 1, ''),
(81, 67, '2023-05-06', 5400.00, 1, 81, 1, ''),
(82, 68, '2023-05-06', 5400.00, 2, 82, 1, ''),
(83, 63, '2023-05-07', 32500.00, 3, 83, 3, ''),
(84, 58, '2023-04-03', 18100.00, 1, 84, 2, ''),
(85, 59, '2023-04-04', 18100.00, 2, 85, 2, ''),
(86, 60, '2023-04-04', 18100.00, 3, 86, 2, ''),
(87, 61, '2023-04-05', 18100.00, 1, 87, 2, ''),
(88, 62, '2023-04-06', 18100.00, 2, 88, 2, ''),
(89, 64, '2023-04-06', 5400.00, 3, 89, 1, ''),
(90, 65, '2023-04-07', 5400.00, 1, 90, 1, ''),
(91, 66, '2023-04-07', 5400.00, 2, 91, 1, ''),
(92, 67, '2023-04-08', 5400.00, 3, 92, 1, ''),
(93, 68, '2023-04-08', 5400.00, 1, 93, 1, ''),
(94, 63, '2023-04-09', 32500.00, 2, 94, 3, ''),
(95, 58, '2023-03-06', 18100.00, 3, 95, 2, ''),
(96, 59, '2023-03-07', 18100.00, 1, 96, 2, ''),
(97, 60, '2023-03-07', 18100.00, 2, 97, 2, ''),
(98, 61, '2023-03-08', 18100.00, 3, 98, 2, ''),
(99, 62, '2023-03-09', 18100.00, 1, 99, 2, ''),
(100, 64, '2023-03-09', 5400.00, 2, 100, 1, ''),
(101, 65, '2023-03-10', 5400.00, 3, 101, 1, ''),
(102, 66, '2023-03-10', 5400.00, 1, 102, 1, ''),
(103, 67, '2023-03-11', 5400.00, 2, 103, 1, ''),
(104, 68, '2023-03-11', 5400.00, 3, 104, 1, ''),
(105, 63, '2023-03-12', 32500.00, 1, 105, 3, ''),
(106, 58, '2023-02-06', 18100.00, 2, 106, 2, ''),
(107, 59, '2023-02-07', 18100.00, 3, 107, 2, ''),
(108, 60, '2023-02-07', 18100.00, 1, 108, 2, ''),
(109, 61, '2023-02-08', 18100.00, 2, 109, 2, ''),
(110, 62, '2023-02-09', 18100.00, 3, 110, 2, ''),
(111, 64, '2023-02-09', 5400.00, 1, 111, 1, ''),
(112, 65, '2023-02-10', 5400.00, 2, 112, 1, ''),
(113, 66, '2023-02-10', 5400.00, 3, 113, 1, ''),
(114, 67, '2023-02-11', 5400.00, 1, 114, 1, ''),
(115, 68, '2023-02-11', 5400.00, 2, 115, 1, ''),
(116, 63, '2023-02-12', 32500.00, 3, 116, 3, '');

-- --------------------------------------------------------

--
-- Table structure for table `planes`
--

CREATE TABLE `planes` (
  `plan_id` int(11) NOT NULL,
  `cant_clases` int(11) NOT NULL,
  `precio` double(23,2) NOT NULL,
  `aclaracion` varchar(200) NOT NULL
) ENGINE=InnoDB DEFAULT CHARSET=utf8mb4 COLLATE=utf8mb4_general_ci;

--
-- Dumping data for table `planes`
--

INSERT INTO `planes` (`plan_id`, `cant_clases`, `precio`, `aclaracion`) VALUES
(1, 1, 5400.00, '1 clase sola'),
(2, 4, 18100.00, '4 clases en 4 semanas'),
(3, 8, 32500.00, '8 clases en 4 semanas');

-- --------------------------------------------------------

--
-- Table structure for table `users`
--

CREATE TABLE `users` (
  `id` int(11) NOT NULL,
  `email` varchar(255) NOT NULL,
  `username` varchar(255) NOT NULL,
  `password` varchar(255) NOT NULL,
  `user_level` int(11) DEFAULT NULL,
  `created_at` timestamp NOT NULL DEFAULT current_timestamp()
) ENGINE=InnoDB DEFAULT CHARSET=utf8mb4 COLLATE=utf8mb4_general_ci;

--
-- Dumping data for table `users`
--

INSERT INTO `users` (`id`, `email`, `username`, `password`, `user_level`, `created_at`) VALUES
(1, 'a@g.c', 'ale', '$2b$10$lR0XtlS1vRlQJgh3KtyK1Oe8O39agTrzHdqBqzfX1ngUwkG4o5A9i', 1, '2023-10-22 22:54:04');

--
-- Indexes for dumped tables
--

--
-- Indexes for table `alumnos`
--
ALTER TABLE `alumnos`
  ADD PRIMARY KEY (`alumno_id`);

--
-- Indexes for table `alumnos_planes`
--
ALTER TABLE `alumnos_planes`
  ADD PRIMARY KEY (`alumno_plan_id`),
  ADD KEY `alumno_id` (`alumno_id`),
  ADD KEY `plan_id` (`plan_id`);

--
-- Indexes for table `formas_de_pago`
--
ALTER TABLE `formas_de_pago`
  ADD PRIMARY KEY (`forma_pago_id`);

--
-- Indexes for table `pagos`
--
ALTER TABLE `pagos`
  ADD PRIMARY KEY (`pago_id`),
  ADD KEY `alumno_id` (`alumno_id`),
  ADD KEY `alumno_plan_id` (`alumno_plan_id`),
  ADD KEY `plan_id` (`plan_id`),
  ADD KEY `forma_pago_id` (`forma_pago_id`);

--
-- Indexes for table `planes`
--
ALTER TABLE `planes`
  ADD PRIMARY KEY (`plan_id`);

--
-- Indexes for table `users`
--
ALTER TABLE `users`
  ADD PRIMARY KEY (`id`),
  ADD UNIQUE KEY `username` (`username`,`email`);

--
-- AUTO_INCREMENT for dumped tables
--

--
-- AUTO_INCREMENT for table `alumnos`
--
ALTER TABLE `alumnos`
  MODIFY `alumno_id` int(11) NOT NULL AUTO_INCREMENT, AUTO_INCREMENT=83;

--
-- AUTO_INCREMENT for table `alumnos_planes`
--
ALTER TABLE `alumnos_planes`
  MODIFY `alumno_plan_id` int(11) NOT NULL AUTO_INCREMENT, AUTO_INCREMENT=117;

--
-- AUTO_INCREMENT for table `formas_de_pago`
--
ALTER TABLE `formas_de_pago`
  MODIFY `forma_pago_id` int(11) NOT NULL AUTO_INCREMENT, AUTO_INCREMENT=5;

--
-- AUTO_INCREMENT for table `pagos`
--
ALTER TABLE `pagos`
  MODIFY `pago_id` int(11) NOT NULL AUTO_INCREMENT, AUTO_INCREMENT=117;

--
-- AUTO_INCREMENT for table `planes`
--
ALTER TABLE `planes`
  MODIFY `plan_id` int(11) NOT NULL AUTO_INCREMENT, AUTO_INCREMENT=4;

--
-- AUTO_INCREMENT for table `users`
--
ALTER TABLE `users`
  MODIFY `id` int(11) NOT NULL AUTO_INCREMENT, AUTO_INCREMENT=2;

--
-- Constraints for dumped tables
--

--
-- Constraints for table `alumnos_planes`
--
ALTER TABLE `alumnos_planes`
  ADD CONSTRAINT `alumnos_planes_ibfk_1` FOREIGN KEY (`alumno_id`) REFERENCES `alumnos` (`alumno_id`),
  ADD CONSTRAINT `alumnos_planes_ibfk_2` FOREIGN KEY (`plan_id`) REFERENCES `planes` (`plan_id`);

--
-- Constraints for table `pagos`
--
ALTER TABLE `pagos`
  ADD CONSTRAINT `pagos_ibfk_1` FOREIGN KEY (`alumno_id`) REFERENCES `alumnos` (`alumno_id`),
  ADD CONSTRAINT `pagos_ibfk_2` FOREIGN KEY (`alumno_plan_id`) REFERENCES `alumnos_planes` (`alumno_plan_id`),
  ADD CONSTRAINT `pagos_ibfk_3` FOREIGN KEY (`plan_id`) REFERENCES `planes` (`plan_id`),
  ADD CONSTRAINT `pagos_ibfk_4` FOREIGN KEY (`forma_pago_id`) REFERENCES `formas_de_pago` (`forma_pago_id`);
COMMIT;

/*!40101 SET CHARACTER_SET_CLIENT=@OLD_CHARACTER_SET_CLIENT */;
/*!40101 SET CHARACTER_SET_RESULTS=@OLD_CHARACTER_SET_RESULTS */;
/*!40101 SET COLLATION_CONNECTION=@OLD_COLLATION_CONNECTION */;
